timestamp,Open,High,Low,Close,Volume
2026-03-02 14:30:00,73.4000015258789,73.4000015258789,72.0,73.0199966430664,162844
2026-03-02 14:35:00,72.51000213623047,73.52999877929688,72.2301025390625,73.2699966430664,46815
2026-03-02 14:40:00,73.52999877929688,73.80000305175781,72.87249755859375,73.69000244140625,56420
2026-03-02 14:45:00,73.44499969482422,74.43000030517578,73.36000061035156,74.33000183105469,45035
2026-03-02 14:50:00,74.5999984741211,74.5999984741211,72.86000061035156,73.05999755859375,54099
2026-03-02 14:55:00,72.96299743652344,73.19000244140625,72.6050033569336,73.05500030517578,47949
2026-03-02 15:00:00,73.0,73.63999938964844,72.97000122070312,73.23999786376953,43033
2026-03-02 15:05:00,73.37999725341797,73.47000122070312,72.75,73.0199966430664,30368
2026-03-02 15:10:00,73.02999877929688,73.70999908447266,73.02999877929688,73.46499633789062,41833
2026-03-02 15:15:00,73.46499633789062,73.46499633789062,72.97000122070312,73.25,57094
2026-03-02 15:20:00,73.26000213623047,73.37999725341797,72.66000366210938,72.9800033569336,92713
2026-03-02 15:25:00,72.98999786376953,73.06999969482422,72.56120300292969,72.59500885009766,20879
2026-03-02 15:30:00,72.51000213623047,72.8499984741211,72.18000030517578,72.58999633789062,77141
2026-03-02 15:35:00,72.68499755859375,73.0999984741211,72.4800033569336,73.0999984741211,32906
2026-03-02 15:40:00,73.0199966430664,73.83999633789062,72.95999908447266,73.71009826660156,41671
2026-03-02 15:45:00,73.69999694824219,73.88999938964844,73.5999984741211,73.62000274658203,40319
2026-03-02 15:50:00,73.62000274658203,73.80999755859375,73.33000183105469,73.33000183105469,39660
2026-03-02 15:55:00,73.37000274658203,73.9000015258789,73.20999908447266,73.8499984741211,67214
2026-03-02 16:00:00,73.83999633789062,74.01000213623047,73.56999969482422,73.80000305175781,43787
2026-03-02 16:05:00,73.81999969482422,74.26000213623047,73.58000183105469,74.25,54247
2026-03-02 16:10:00,74.20500183105469,74.33999633789062,73.88999938964844,73.93250274658203,29365
2026-03-02 16:15:00,73.95999908447266,73.95999908447266,73.44999694824219,73.45500183105469,27653
2026-03-02 16:20:00,73.41000366210938,73.44999694824219,72.83000183105469,72.83000183105469,47550
2026-03-02 16:25:00,72.87000274658203,72.93000030517578,72.71499633789062,72.7699966430664,40984
2026-03-02 16:30:00,72.7699966430664,73.08999633789062,72.7249984741211,73.02999877929688,59306
2026-03-02 16:35:00,73.08999633789062,73.57499694824219,72.97000122070312,73.57499694824219,18700
2026-03-02 16:40:00,73.61000061035156,73.94999694824219,73.5,73.73999786376953,36370
2026-03-02 16:45:00,73.73999786376953,73.8499984741211,73.57499694824219,73.75,47136
2026-03-02 16:50:00,73.78500366210938,73.95999908447266,73.7699966430664,73.7699966430664,17564
2026-03-02 16:55:00,73.7300033569336,73.78500366210938,73.56999969482422,73.70500183105469,16827
2026-03-02 17:00:00,73.66000366210938,73.97000122070312,73.66000366210938,73.80000305175781,34248
2026-03-02 17:05:00,73.7699966430664,73.87000274658203,73.59159851074219,73.70999908447266,18147
2026-03-02 17:10:00,73.66000366210938,73.68000030517578,73.32499694824219,73.55999755859375,50563
2026-03-02 17:15:00,73.62000274658203,73.81999969482422,73.58000183105469,73.76000213623047,16035
2026-03-02 17:20:00,73.79000091552734,74.16999816894531,73.78500366210938,74.16999816894531,34503
2026-03-02 17:25:00,74.19999694824219,74.31999969482422,73.88999938964844,73.92500305175781,26435
2026-03-02 17:30:00,73.92500305175781,74.11000061035156,73.86000061035156,74.04000091552734,10254
2026-03-02 17:35:00,74.06500244140625,74.2300033569336,74.0,74.0199966430664,19546
2026-03-02 17:40:00,73.98999786376953,74.26000213623047,73.98999786376953,74.26000213623047,15489
2026-03-02 17:45:00,74.31500244140625,74.33000183105469,74.07499694824219,74.30000305175781,12157
2026-03-02 17:50:00,74.30000305175781,74.30000305175781,74.06999969482422,74.1500015258789,16657
2026-03-02 17:55:00,74.12999725341797,74.19999694824219,73.9800033569336,74.16999816894531,10909
2026-03-02 18:00:00,74.17500305175781,74.27999877929688,74.13999938964844,74.23500061035156,15733
2026-03-02 18:05:00,74.2699966430664,74.4999008178711,74.2699966430664,74.34500122070312,23604
2026-03-02 18:10:00,74.34500122070312,74.36630249023438,74.26000213623047,74.26000213623047,8467
2026-03-02 18:15:00,74.29000091552734,74.48999786376953,74.16000366210938,74.16999816894531,19392
2026-03-02 18:20:00,74.12999725341797,74.22000122070312,74.05999755859375,74.22000122070312,18479
2026-03-02 18:25:00,74.18000030517578,74.3279037475586,74.125,74.22000122070312,14703
2026-03-02 18:30:00,74.25,74.38999938964844,74.19999694824219,74.26000213623047,22732
2026-03-02 18:35:00,74.2699966430664,74.37999725341797,74.0999984741211,74.32499694824219,24280
2026-03-02 18:40:00,74.32499694824219,74.58999633789062,74.2699966430664,74.5199966430664,37316
2026-03-02 18:45:00,74.45999908447266,74.58999633789062,74.36000061035156,74.41999816894531,25324
2026-03-02 18:50:00,74.41999816894531,74.45999908447266,74.04129791259766,74.19000244140625,20747
2026-03-02 18:55:00,74.15499877929688,74.34500122070312,74.0999984741211,74.19000244140625,18801
2026-03-02 19:00:00,74.23999786376953,74.33999633789062,74.19999694824219,74.30999755859375,20323
2026-03-02 19:05:00,74.24120330810547,74.5,74.24120330810547,74.5,19298
2026-03-02 19:10:00,74.4800033569336,74.55000305175781,74.16000366210938,74.2699966430664,33892
2026-03-02 19:15:00,74.2699966430664,74.5,74.2699966430664,74.37000274658203,26671
2026-03-02 19:20:00,74.4000015258789,74.44999694824219,74.30000305175781,74.375,16327
2026-03-02 19:25:00,74.33000183105469,74.3821029663086,74.22000122070312,74.3499984741211,21786
2026-03-02 19:30:00,74.4000015258789,74.66999816894531,74.38999938964844,74.61000061035156,23468
2026-03-02 19:35:00,74.61499786376953,74.6500015258789,74.5,74.52999877929688,20190
2026-03-02 19:40:00,74.52999877929688,74.52999877929688,74.18499755859375,74.30999755859375,26407
2026-03-02 19:45:00,74.33000183105469,74.44999694824219,74.19010162353516,74.40499877929688,19995
2026-03-02 19:50:00,74.37999725341797,74.44999694824219,74.05999755859375,74.05999755859375,29981
2026-03-02 19:55:00,74.06999969482422,74.12999725341797,73.88999938964844,73.8949966430664,25157
2026-03-02 20:00:00,73.8949966430664,74.08000183105469,73.87999725341797,73.98999786376953,27971
2026-03-02 20:05:00,74.0,74.08000183105469,73.80000305175781,73.83000183105469,49395
2026-03-02 20:10:00,73.83499908447266,73.91999816894531,73.69000244140625,73.79000091552734,32826
2026-03-02 20:15:00,73.73999786376953,74.07499694824219,73.70999908447266,73.83999633789062,28161
2026-03-02 20:20:00,73.84500122070312,73.94000244140625,73.79499816894531,73.9000015258789,27707
2026-03-02 20:25:00,73.92500305175781,74.12999725341797,73.72000122070312,74.0,58765
2026-03-02 20:30:00,74.02999877929688,74.28500366210938,74.0199966430664,74.12000274658203,39697
2026-03-02 20:35:00,74.08000183105469,74.13999938964844,74.01000213623047,74.0999984741211,43093
2026-03-02 20:40:00,74.0999984741211,74.29000091552734,74.0999984741211,74.2249984741211,46780
2026-03-02 20:45:00,74.2300033569336,74.33000183105469,74.0199966430664,74.0199966430664,67299
2026-03-02 20:50:00,74.05999755859375,74.05999755859375,73.73500061035156,73.78500366210938,151934
2026-03-02 20:55:00,73.79000091552734,73.95999908447266,73.68000030517578,73.81999969482422,348917
2026-03-03 14:30:00,71.19999694824219,72.18000030517578,70.77999877929688,71.79499816894531,76245
2026-03-03 14:35:00,71.78500366210938,73.30999755859375,71.78500366210938,72.44999694824219,35336
2026-03-03 14:40:00,72.58999633789062,72.9800033569336,71.94000244140625,72.05999755859375,22132
2026-03-03 14:45:00,71.93000030517578,72.37999725341797,71.61000061035156,71.61000061035156,59618
2026-03-03 14:50:00,71.85189819335938,72.13999938964844,71.36000061035156,71.9800033569336,32016
2026-03-03 14:55:00,71.87000274658203,72.0999984741211,71.58000183105469,71.95500183105469,27926
2026-03-03 15:00:00,71.94000244140625,72.0199966430664,71.16999816894531,71.32499694824219,35991
2026-03-03 15:05:00,71.32499694824219,71.88990020751953,71.16999816894531,71.43000030517578,23002
2026-03-03 15:10:00,71.43000030517578,72.4000015258789,71.43000030517578,72.33000183105469,72685
2026-03-03 15:15:00,72.18000030517578,72.25,71.63999938964844,72.24500274658203,150224
2026-03-03 15:20:00,72.2300033569336,73.0,72.18000030517578,72.93000030517578,77975
2026-03-03 15:25:00,72.81999969482422,73.54499816894531,72.73999786376953,73.45999908447266,108400
2026-03-03 15:30:00,73.3949966430664,73.85710144042969,73.30000305175781,73.75,88570
2026-03-03 15:35:00,73.68000030517578,73.7699966430664,73.12999725341797,73.44000244140625,46268
2026-03-03 15:40:00,73.4800033569336,73.69999694824219,73.02999877929688,73.1500015258789,19987
2026-03-03 15:45:00,73.19999694824219,73.3499984741211,72.76000213623047,72.9000015258789,28751
2026-03-03 15:50:00,72.80999755859375,73.01000213623047,72.70999908447266,72.70999908447266,20085
2026-03-03 15:55:00,72.75,73.25,72.72000122070312,73.20999908447266,22934
2026-03-03 16:00:00,73.19999694824219,73.30999755859375,73.0,73.30000305175781,21172
2026-03-03 16:05:00,73.37000274658203,73.7300033569336,73.1500015258789,73.30770111083984,36014
2026-03-03 16:10:00,73.33499908447266,73.41999816894531,73.16000366210938,73.37000274658203,17378
2026-03-03 16:15:00,73.29000091552734,73.375,72.8499984741211,72.8949966430664,28125
2026-03-03 16:20:00,73.04000091552734,73.4000015258789,72.97000122070312,73.3499984741211,11879
2026-03-03 16:25:00,73.41000366210938,73.4800033569336,73.30999755859375,73.44000244140625,17378
2026-03-03 16:30:00,73.33999633789062,73.52999877929688,73.16000366210938,73.45500183105469,21106
2026-03-03 16:35:00,73.52999877929688,73.5999984741211,73.37000274658203,73.41000366210938,12073
2026-03-03 16:40:00,73.51000213623047,73.69999694824219,73.37000274658203,73.69000244140625,13698
2026-03-03 16:45:00,73.70999908447266,74.1500015258789,73.69999694824219,73.83000183105469,36116
2026-03-03 16:50:00,73.93000030517578,74.02999877929688,73.83999633789062,73.83999633789062,19331
2026-03-03 16:55:00,73.83000183105469,74.02999877929688,73.55000305175781,73.55999755859375,30312
2026-03-03 17:00:00,73.63999938964844,73.66000366210938,73.33999633789062,73.3949966430664,15308
2026-03-03 17:05:00,73.45999908447266,73.5250015258789,73.27999877929688,73.37999725341797,19753
2026-03-03 17:10:00,73.33999633789062,73.5999984741211,73.33999633789062,73.5999984741211,14522
2026-03-03 17:15:00,73.6050033569336,73.7300033569336,73.38999938964844,73.7300033569336,18359
2026-03-03 17:20:00,73.69499969482422,73.97000122070312,73.61000061035156,73.97000122070312,7608
2026-03-03 17:25:00,73.9800033569336,74.0,73.87000274658203,74.0,11553
2026-03-03 17:30:00,73.98999786376953,73.98999786376953,73.6500015258789,73.75,16867
2026-03-03 17:35:00,73.70999908447266,73.80999755859375,73.6500015258789,73.80000305175781,9590
2026-03-03 17:40:00,73.81999969482422,74.33000183105469,73.81999969482422,74.27999877929688,28969
2026-03-03 17:45:00,74.31999969482422,74.50499725341797,74.31999969482422,74.38999938964844,22652
2026-03-03 17:50:00,74.54000091552734,74.63500213623047,74.41000366210938,74.4800033569336,11212
2026-03-03 17:55:00,74.4749984741211,74.72000122070312,74.46189880371094,74.56999969482422,10032
2026-03-03 18:00:00,74.69000244140625,74.84500122070312,74.63500213623047,74.66500091552734,8677
2026-03-03 18:05:00,74.66999816894531,74.81999969482422,74.66999816894531,74.80999755859375,11516
2026-03-03 18:10:00,74.81999969482422,75.0,74.73999786376953,74.7750015258789,36138
2026-03-03 18:15:00,74.91000366210938,75.20999908447266,74.80999755859375,74.87999725341797,15818
2026-03-03 18:20:00,74.86000061035156,75.08999633789062,74.8499984741211,75.01000213623047,10801
2026-03-03 18:25:00,75.01000213623047,75.2249984741211,75.0,75.0,15837
2026-03-03 18:30:00,75.04499816894531,75.39990234375,75.04499816894531,75.38500213623047,20463
2026-03-03 18:35:00,75.4000015258789,75.69000244140625,75.36000061035156,75.69000244140625,18457
2026-03-03 18:40:00,75.69000244140625,75.77999877929688,75.5999984741211,75.66999816894531,18720
2026-03-03 18:45:00,75.66999816894531,75.66999816894531,75.16000366210938,75.3499984741211,21464
2026-03-03 18:50:00,75.33000183105469,75.94000244140625,75.33000183105469,75.86000061035156,44545
2026-03-03 18:55:00,75.7699966430664,76.0,75.7300033569336,75.79499816894531,10802
2026-03-03 19:00:00,75.80999755859375,75.91999816894531,75.66000366210938,75.83999633789062,24486
2026-03-03 19:05:00,75.77999877929688,75.80500030517578,75.29000091552734,75.29000091552734,15714
2026-03-03 19:10:00,75.19999694824219,75.9800033569336,75.19999694824219,75.9800033569336,49017
2026-03-03 19:15:00,75.87000274658203,75.94000244140625,75.75,75.80000305175781,19768
2026-03-03 19:20:00,75.80000305175781,76.2249984741211,75.80000305175781,76.06999969482422,25160
2026-03-03 19:25:00,76.05750274658203,76.06500244140625,75.80999755859375,75.88999938964844,22986
2026-03-03 19:30:00,75.8499984741211,75.9749984741211,75.69010162353516,75.75499725341797,30147
2026-03-03 19:35:00,75.75,76.33999633789062,75.68000030517578,76.05000305175781,27671
2026-03-03 19:40:00,76.04000091552734,76.43000030517578,76.0,76.42500305175781,25775
2026-03-03 19:45:00,76.42500305175781,76.58000183105469,76.31500244140625,76.5,26329
2026-03-03 19:50:00,76.58000183105469,76.58000183105469,76.37000274658203,76.45999908447266,28116
2026-03-03 19:55:00,76.44000244140625,76.62000274658203,76.31999969482422,76.55000305175781,38043
2026-03-03 20:00:00,76.5199966430664,76.55999755859375,76.27999877929688,76.31999969482422,25657
2026-03-03 20:05:00,76.33999633789062,76.61000061035156,76.22000122070312,76.5199966430664,29858
2026-03-03 20:10:00,76.58000183105469,76.66999816894531,76.4000015258789,76.4000015258789,25427
2026-03-03 20:15:00,76.37999725341797,76.5199966430664,76.30000305175781,76.31999969482422,25878
2026-03-03 20:20:00,76.33999633789062,76.42500305175781,76.08000183105469,76.20999908447266,37585
2026-03-03 20:25:00,76.18000030517578,76.32499694824219,76.12999725341797,76.25,26470
2026-03-03 20:30:00,76.30999755859375,76.33499908447266,76.06999969482422,76.06999969482422,36740
2026-03-03 20:35:00,76.08999633789062,76.08999633789062,75.80999755859375,75.87000274658203,37756
2026-03-03 20:40:00,75.93000030517578,75.98999786376953,75.8499984741211,75.94999694824219,45921
2026-03-03 20:45:00,75.94999694824219,76.0199966430664,75.83999633789062,75.88999938964844,51860
2026-03-03 20:50:00,75.94999694824219,76.01000213623047,75.4800033569336,75.5999984741211,92981
2026-03-03 20:55:00,75.58000183105469,75.58000183105469,75.38500213623047,75.48500061035156,258503
2026-03-04 14:30:00,76.7699966430664,77.66500091552734,75.98999786376953,77.11000061035156,72865
2026-03-04 14:35:00,77.11000061035156,78.58000183105469,76.77999877929688,78.05000305175781,60268
2026-03-04 14:40:00,78.05000305175781,78.55000305175781,77.9625015258789,78.45999908447266,35407
2026-03-04 14:45:00,78.45999908447266,78.79000091552734,78.12999725341797,78.61000061035156,52048
2026-03-04 14:50:00,78.57499694824219,79.19000244140625,78.31999969482422,79.08999633789062,77140
2026-03-04 14:55:00,79.08999633789062,79.47000122070312,78.93000030517578,79.31749725341797,46800
2026-03-04 15:00:00,79.44999694824219,80.0250015258789,79.20999908447266,79.75,45647
2026-03-04 15:05:00,79.75,79.93000030517578,79.3499984741211,79.68000030517578,38915
2026-03-04 15:10:00,79.68000030517578,79.9000015258789,79.16000366210938,79.30000305175781,67364
2026-03-04 15:15:00,79.41999816894531,79.69999694824219,79.01000213623047,79.69999694824219,33468
2026-03-04 15:20:00,79.68000030517578,80.16999816894531,79.48999786376953,80.09500122070312,36861
2026-03-04 15:25:00,80.0999984741211,80.38870239257812,79.87999725341797,80.0999984741211,40118
2026-03-04 15:30:00,80.16999816894531,80.33000183105469,79.33000183105469,79.33000183105469,37123
2026-03-04 15:35:00,79.2699966430664,79.2699966430664,78.91000366210938,79.05999755859375,50154
2026-03-04 15:40:00,79.02999877929688,79.4000015258789,79.0199966430664,79.30000305175781,23214
2026-03-04 15:45:00,79.37999725341797,79.4000015258789,78.9800033569336,79.15499877929688,45769
2026-03-04 15:50:00,79.18000030517578,79.41999816894531,79.12000274658203,79.38999938964844,23925
2026-03-04 15:55:00,79.44999694824219,80.37000274658203,79.44000244140625,80.20999908447266,66304
2026-03-04 16:00:00,80.22000122070312,80.7300033569336,80.22000122070312,80.55000305175781,44010
2026-03-04 16:05:00,80.54000091552734,80.73999786376953,80.45999908447266,80.66999816894531,26375
2026-03-04 16:10:00,80.67500305175781,81.05999755859375,80.56999969482422,81.04000091552734,72065
2026-03-04 16:15:00,81.04499816894531,81.31999969482422,80.97000122070312,81.00189971923828,79008
2026-03-04 16:20:00,80.94999694824219,81.30999755859375,80.94999694824219,81.08999633789062,43936
2026-03-04 16:25:00,81.01000213623047,81.26000213623047,80.9749984741211,81.1500015258789,30842
2026-03-04 16:30:00,81.1500015258789,81.19999694824219,80.98999786376953,81.06999969482422,49475
2026-03-04 16:35:00,81.11000061035156,81.11000061035156,80.66999816894531,80.66999816894531,28466
2026-03-04 16:40:00,80.7300033569336,80.83000183105469,80.66000366210938,80.7249984741211,17135
2026-03-04 16:45:00,80.71499633789062,80.83000183105469,80.66000366210938,80.68000030517578,25740
2026-03-04 16:50:00,80.7699966430664,80.87000274658203,80.60009765625,80.8499984741211,26079
2026-03-04 16:55:00,80.8550033569336,80.91999816894531,80.62999725341797,80.77999877929688,30174
2026-03-04 17:00:00,80.77999877929688,80.81500244140625,80.51000213623047,80.69000244140625,22666
2026-03-04 17:05:00,80.69000244140625,80.71499633789062,80.46499633789062,80.5875015258789,16444
2026-03-04 17:10:00,80.6500015258789,80.77999877929688,80.57499694824219,80.75,16814
2026-03-04 17:15:00,80.72000122070312,80.73999786376953,80.52999877929688,80.63999938964844,25902
2026-03-04 17:20:00,80.63999938964844,80.6500015258789,80.0199966430664,80.1449966430664,64023
2026-03-04 17:25:00,80.19000244140625,80.23999786376953,79.91000366210938,80.0199966430664,26961
2026-03-04 17:30:00,80.0999984741211,80.12999725341797,79.9000015258789,80.12999725341797,16105
2026-03-04 17:35:00,80.1500015258789,80.19999694824219,79.86000061035156,80.04000091552734,21100
2026-03-04 17:40:00,80.0,80.05999755859375,79.87000274658203,79.94999694824219,11709
2026-03-04 17:45:00,79.88999938964844,80.04000091552734,79.73999786376953,79.73999786376953,16305
2026-03-04 17:50:00,79.77999877929688,79.94999694824219,79.58999633789062,79.875,54229
2026-03-04 17:55:00,79.86000061035156,79.94000244140625,79.7249984741211,79.8499984741211,33094
2026-03-04 18:00:00,79.8499984741211,80.08499908447266,79.8499984741211,80.08499908447266,42197
2026-03-04 18:05:00,80.01000213623047,80.22000122070312,79.94000244140625,80.1500015258789,16436
2026-03-04 18:10:00,80.16500091552734,80.2699966430664,79.94999694824219,79.94999694824219,22205
2026-03-04 18:15:00,79.98999786376953,80.16000366210938,79.97000122070312,80.12999725341797,17061
2026-03-04 18:20:00,80.12999725341797,80.1500015258789,79.91999816894531,79.91999816894531,17232
2026-03-04 18:25:00,79.91999816894531,79.99500274658203,79.76010131835938,79.88500213623047,18421
2026-03-04 18:30:00,79.91500091552734,80.01000213623047,79.86000061035156,79.97000122070312,13848
2026-03-04 18:35:00,79.91500091552734,80.13999938964844,79.91500091552734,80.13500213623047,14460
2026-03-04 18:40:00,80.13500213623047,80.4999008178711,80.12000274658203,80.16500091552734,25337
2026-03-04 18:45:00,80.22000122070312,80.29000091552734,80.13999938964844,80.29000091552734,14760
2026-03-04 18:50:00,80.27999877929688,80.38999938964844,80.26000213623047,80.37999725341797,13523
2026-03-04 18:55:00,80.37999725341797,80.4000015258789,80.2699966430664,80.38999938964844,15100
2026-03-04 19:00:00,80.375,80.43000030517578,80.25,80.31999969482422,58290
2026-03-04 19:05:00,80.30500030517578,80.48999786376953,80.16500091552734,80.45999908447266,37689
2026-03-04 19:10:00,80.3949966430664,80.3949966430664,80.12000274658203,80.16000366210938,19327
2026-03-04 19:15:00,80.20999908447266,80.26499938964844,79.94000244140625,79.94999694824219,30144
2026-03-04 19:20:00,79.93000030517578,80.13999938964844,79.81999969482422,80.12999725341797,25990
2026-03-04 19:25:00,80.06999969482422,80.54000091552734,80.06500244140625,80.54000091552734,36252
2026-03-04 19:30:00,80.55000305175781,80.68000030517578,80.36009979248047,80.43000030517578,22522
2026-03-04 19:35:00,80.4800033569336,80.5199966430664,80.43000030517578,80.5,15729
2026-03-04 19:40:00,80.48999786376953,80.48999786376953,80.30000305175781,80.30000305175781,38119
2026-03-04 19:45:00,80.33999633789062,80.5199966430664,80.2699966430664,80.5,27621
2026-03-04 19:50:00,80.44999694824219,80.50499725341797,80.25,80.30999755859375,27951
2026-03-04 19:55:00,80.37000274658203,80.5,80.2249984741211,80.3949966430664,40515
2026-03-04 20:00:00,80.38999938964844,80.44999694824219,80.19999694824219,80.23999786376953,14508
2026-03-04 20:05:00,80.20999908447266,80.20999908447266,79.6500015258789,79.73500061035156,26276
2026-03-04 20:10:00,79.65010070800781,80.04499816894531,79.6500015258789,79.73500061035156,77606
2026-03-04 20:15:00,79.80000305175781,80.01000213623047,79.79000091552734,79.88999938964844,36552
2026-03-04 20:20:00,79.88999938964844,80.125,79.81500244140625,80.12000274658203,54886
2026-03-04 20:25:00,80.11000061035156,80.31500244140625,80.0,80.31500244140625,43465
2026-03-04 20:30:00,80.2750015258789,80.33000183105469,80.08999633789062,80.20999908447266,84461
2026-03-04 20:35:00,80.20999908447266,80.26000213623047,80.08000183105469,80.26000213623047,66027
2026-03-04 20:40:00,80.20500183105469,80.20999908447266,79.84500122070312,79.88999938964844,76301
2026-03-04 20:45:00,79.86000061035156,80.01000213623047,79.81999969482422,79.9000015258789,129070
2026-03-04 20:50:00,79.87999725341797,79.87999725341797,78.62999725341797,78.77999877929688,156190
2026-03-04 20:55:00,78.70999908447266,78.83999633789062,78.52999877929688,78.66000366210938,463606
2026-03-05 14:30:00,78.04000091552734,79.36000061035156,77.33000183105469,79.08000183105469,73203
2026-03-05 14:35:00,79.2699966430664,82.43000030517578,79.2699966430664,81.95500183105469,115955
2026-03-05 14:40:00,81.93499755859375,82.66999816894531,81.66000366210938,82.3499984741211,130728
2026-03-05 14:45:00,82.3499984741211,82.3499984741211,81.01000213623047,81.4124984741211,94592
2026-03-05 14:50:00,81.55000305175781,82.56999969482422,81.4800033569336,82.5,113569
2026-03-05 14:55:00,82.55000305175781,83.5,82.31999969482422,83.12000274658203,126760
2026-03-05 15:00:00,83.0,83.12000274658203,81.9000015258789,82.0199966430664,40914
2026-03-05 15:05:00,81.94000244140625,82.26000213623047,81.33000183105469,81.55000305175781,54495
2026-03-05 15:10:00,81.55000305175781,81.66999816894531,81.06999969482422,81.41000366210938,40181
2026-03-05 15:15:00,81.4000015258789,81.4800033569336,80.91999816894531,81.0,63306
2026-03-05 15:20:00,80.99500274658203,81.08000183105469,80.33499908447266,80.33499908447266,59033
2026-03-05 15:25:00,80.33000183105469,80.33499908447266,79.8949966430664,80.25,67834
2026-03-05 15:30:00,80.26000213623047,80.26000213623047,79.69999694824219,79.83000183105469,53322
2026-03-05 15:35:00,79.74500274658203,79.95999908447266,79.58000183105469,79.83000183105469,34996
2026-03-05 15:40:00,79.81500244140625,80.08989715576172,79.76000213623047,79.93000030517578,37143
2026-03-05 15:45:00,80.04000091552734,80.16999816894531,79.68000030517578,79.69000244140625,29906
2026-03-05 15:50:00,79.73999786376953,80.0,79.6050033569336,79.77999877929688,26127
2026-03-05 15:55:00,79.83000183105469,79.86000061035156,79.2300033569336,79.6500015258789,66096
2026-03-05 16:00:00,79.6500015258789,79.65499877929688,78.94000244140625,79.0,56894
2026-03-05 16:05:00,79.0,79.1500015258789,78.61000061035156,78.62000274658203,43796
2026-03-05 16:10:00,78.74500274658203,78.74500274658203,78.0,78.25460052490234,62283
2026-03-05 16:15:00,78.22000122070312,78.41999816894531,77.91999816894531,77.91999816894531,30668
2026-03-05 16:20:00,77.9000015258789,77.9000015258789,77.44000244140625,77.6050033569336,44724
2026-03-05 16:25:00,77.4800033569336,77.83999633789062,77.4800033569336,77.70999908447266,23661
2026-03-05 16:30:00,77.75499725341797,77.93000030517578,77.4000015258789,77.67500305175781,36954
2026-03-05 16:35:00,77.5999984741211,78.42250061035156,77.5999984741211,78.37999725341797,23201
2026-03-05 16:40:00,78.37999725341797,79.01000213623047,78.36000061035156,78.94000244140625,52149
2026-03-05 16:45:00,79.01000213623047,79.19999694824219,78.4000015258789,78.41999816894531,55597
2026-03-05 16:50:00,78.61509704589844,78.68000030517578,78.20999908447266,78.37000274658203,40960
2026-03-05 16:55:00,78.37220001220703,78.51000213623047,78.2699966430664,78.31500244140625,19944
2026-03-05 17:00:00,78.31500244140625,78.5999984741211,78.30500030517578,78.58000183105469,26409
2026-03-05 17:05:00,78.57499694824219,78.59500122070312,78.29000091552734,78.51000213623047,35125
2026-03-05 17:10:00,78.37000274658203,78.48999786376953,78.23049926757812,78.37000274658203,16378
2026-03-05 17:15:00,78.30000305175781,78.4800033569336,78.12999725341797,78.26000213623047,33324
2026-03-05 17:20:00,78.16999816894531,78.19000244140625,77.7300033569336,77.83000183105469,30634
2026-03-05 17:25:00,77.83000183105469,77.87999725341797,77.66000366210938,77.7300033569336,13690
2026-03-05 17:30:00,77.66000366210938,77.75,76.81999969482422,76.9800033569336,79781
2026-03-05 17:35:00,77.0,77.19499969482422,76.70999908447266,77.0199966430664,52171
2026-03-05 17:40:00,77.04000091552734,77.12000274658203,76.73999786376953,76.83499908447266,18074
2026-03-05 17:45:00,76.69999694824219,76.75,76.2699966430664,76.49500274658203,49190
2026-03-05 17:50:00,76.47000122070312,76.88999938964844,76.2699966430664,76.5,53816
2026-03-05 17:55:00,76.58499908447266,76.62999725341797,76.12000274658203,76.5199966430664,42156
2026-03-05 18:00:00,76.41999816894531,76.75,76.33000183105469,76.74500274658203,50409
2026-03-05 18:05:00,76.73500061035156,76.75,76.37000274658203,76.58000183105469,34049
2026-03-05 18:10:00,76.56999969482422,76.88999938964844,76.29000091552734,76.79499816894531,25196
2026-03-05 18:15:00,76.7699966430664,76.83999633789062,76.5199966430664,76.5999984741211,27757
2026-03-05 18:20:00,76.48999786376953,76.70999908447266,76.31999969482422,76.38999938964844,27782
2026-03-05 18:25:00,76.40499877929688,76.40499877929688,75.88999938964844,76.1050033569336,27644
2026-03-05 18:30:00,76.1050033569336,76.20999908447266,75.8550033569336,76.0,20176
2026-03-05 18:35:00,76.01000213623047,76.25,75.97000122070312,76.02999877929688,18247
2026-03-05 18:40:00,76.02999877929688,76.44999694824219,76.0,76.25499725341797,20170
2026-03-05 18:45:00,76.23999786376953,76.61000061035156,76.0250015258789,76.5999984741211,23127
2026-03-05 18:50:00,76.5425033569336,76.70999908447266,76.1500015258789,76.37000274658203,50309
2026-03-05 18:55:00,76.36499786376953,76.5199966430664,76.12999725341797,76.23999786376953,25724
2026-03-05 19:00:00,76.23999786376953,76.48999786376953,76.1500015258789,76.36000061035156,20375
2026-03-05 19:05:00,76.41000366210938,76.5199966430664,76.2249984741211,76.3550033569336,21160
2026-03-05 19:10:00,76.3550033569336,76.55000305175781,76.20999908447266,76.54499816894531,28604
2026-03-05 19:15:00,76.47000122070312,76.4800033569336,76.0999984741211,76.37000274658203,19102
2026-03-05 19:20:00,76.43000030517578,76.47000122070312,76.19999694824219,76.2300033569336,15703
2026-03-05 19:25:00,76.2300033569336,76.27999877929688,76.0,76.26000213623047,36603
2026-03-05 19:30:00,76.22000122070312,76.33999633789062,76.05999755859375,76.33999633789062,31207
2026-03-05 19:35:00,76.2699966430664,76.36000061035156,76.11000061035156,76.19000244140625,37890
2026-03-05 19:40:00,76.2300033569336,76.31999969482422,75.97000122070312,76.08000183105469,26367
2026-03-05 19:45:00,76.0999984741211,76.2699966430664,76.0,76.0,21067
2026-03-05 19:50:00,76.06500244140625,76.35420227050781,76.0,76.16000366210938,28883
2026-03-05 19:55:00,76.23500061035156,76.5199966430664,76.19999694824219,76.42500305175781,22144
2026-03-05 20:00:00,76.41500091552734,76.84500122070312,76.31999969482422,76.84500122070312,33404
2026-03-05 20:05:00,76.73999786376953,76.92500305175781,76.62999725341797,76.88999938964844,24792
2026-03-05 20:10:00,76.94000244140625,77.33999633789062,76.94000244140625,77.12999725341797,61256
2026-03-05 20:15:00,77.1050033569336,77.26000213623047,76.94000244140625,77.16500091552734,31624
2026-03-05 20:20:00,77.16500091552734,77.36000061035156,77.16000366210938,77.33999633789062,31259
2026-03-05 20:25:00,77.4000015258789,77.88999938964844,77.30999755859375,77.69999694824219,63704
2026-03-05 20:30:00,77.69999694824219,78.02999877929688,77.66000366210938,77.81999969482422,55185
2026-03-05 20:35:00,77.81999969482422,78.13999938964844,77.81999969482422,78.08999633789062,48955
2026-03-05 20:40:00,78.06500244140625,78.29000091552734,78.05000305175781,78.23999786376953,58249
2026-03-05 20:45:00,78.23999786376953,78.27999877929688,77.94999694824219,78.26499938964844,78215
2026-03-05 20:50:00,78.25,78.41000366210938,78.11000061035156,78.11000061035156,91800
2026-03-05 20:55:00,78.1050033569336,78.68000030517578,78.01000213623047,78.5999984741211,376583
2026-03-06 14:30:00,76.19000244140625,76.88990020751953,75.33000183105469,75.83499908447266,67546
2026-03-06 14:35:00,75.70500183105469,75.70500183105469,74.285400390625,74.58499908447266,26762
2026-03-06 14:40:00,74.4000015258789,74.80000305175781,73.72000122070312,73.95999908447266,59000
2026-03-06 14:45:00,73.94999694824219,74.0999984741211,73.56999969482422,73.61000061035156,60632
2026-03-06 14:50:00,73.61000061035156,73.79000091552734,73.2300033569336,73.69999694824219,188696
2026-03-06 14:55:00,73.71499633789062,73.9386978149414,73.49500274658203,73.80999755859375,40000
2026-03-06 15:00:00,73.80999755859375,74.3949966430664,73.7300033569336,74.11499786376953,86690
2026-03-06 15:05:00,74.11499786376953,75.0,73.97000122070312,74.66999816894531,83498
2026-03-06 15:10:00,74.7300033569336,74.76000213623047,74.4800033569336,74.75,31938
2026-03-06 15:15:00,74.68000030517578,74.83999633789062,74.4000015258789,74.51499938964844,42258
2026-03-06 15:20:00,74.51499938964844,75.27999877929688,74.43499755859375,74.94999694824219,51605
2026-03-06 15:25:00,75.0250015258789,75.30999755859375,74.95500183105469,75.18000030517578,35760
2026-03-06 15:30:00,75.18000030517578,75.58499908447266,75.18000030517578,75.44000244140625,17711
2026-03-06 15:35:00,75.44000244140625,76.32499694824219,75.44000244140625,76.23999786376953,33594
2026-03-06 15:40:00,76.26000213623047,76.43000030517578,75.90769958496094,76.41999816894531,44154
2026-03-06 15:45:00,76.37000274658203,76.41500091552734,76.05000305175781,76.16000366210938,21381
2026-03-06 15:50:00,76.0999984741211,76.12000274658203,75.5,75.70999908447266,60346
2026-03-06 15:55:00,75.80000305175781,76.48999786376953,75.77999877929688,76.33000183105469,41656
2026-03-06 16:00:00,76.31999969482422,76.31999969482422,75.93000030517578,76.05500030517578,11897
2026-03-06 16:05:00,75.98999786376953,76.06999969482422,75.86499786376953,75.87999725341797,11480
2026-03-06 16:10:00,75.87999725341797,76.25,75.86000061035156,76.05500030517578,18215
2026-03-06 16:15:00,76.02739715576172,76.12000274658203,75.88569641113281,76.08000183105469,17781
2026-03-06 16:20:00,76.02999877929688,76.12000274658203,75.75,76.05999755859375,16682
2026-03-06 16:25:00,76.07499694824219,76.07499694824219,75.83000183105469,75.96749877929688,18553
2026-03-06 16:30:00,75.98999786376953,76.02999877929688,75.63999938964844,75.875,14716
2026-03-06 16:35:00,75.86499786376953,76.2699966430664,75.86499786376953,76.16000366210938,22512
2026-03-06 16:40:00,76.12999725341797,76.18000030517578,75.93000030517578,75.94999694824219,10770
2026-03-06 16:45:00,76.05999755859375,76.33000183105469,76.01499938964844,76.33000183105469,11719
2026-03-06 16:50:00,76.30000305175781,76.42500305175781,76.11000061035156,76.11000061035156,14296
2026-03-06 16:55:00,76.05999755859375,76.23999786376953,75.88999938964844,76.125,23559
2026-03-06 17:00:00,76.125,76.37999725341797,76.11499786376953,76.29000091552734,13949
2026-03-06 17:05:00,76.2300033569336,76.30500030517578,76.0,76.05000305175781,14363
2026-03-06 17:10:00,76.12000274658203,76.12000274658203,75.87000274658203,75.94999694824219,17516
2026-03-06 17:15:00,75.94999694824219,75.94999694824219,75.70999908447266,75.79000091552734,15134
2026-03-06 17:20:00,75.80000305175781,75.88999938964844,75.41999816894531,75.62000274658203,49404
2026-03-06 17:25:00,75.63999938964844,75.66000366210938,75.31999969482422,75.45999908447266,51048
2026-03-06 17:30:00,75.5,75.68000030517578,75.33999633789062,75.63999938964844,53626
2026-03-06 17:35:00,75.63999938964844,75.67500305175781,75.25,75.31999969482422,33861
2026-03-06 17:40:00,75.31500244140625,75.37000274658203,75.12999725341797,75.25,31308
2026-03-06 17:45:00,75.27999877929688,75.72000122070312,75.26000213623047,75.72000122070312,66304
2026-03-06 17:50:00,75.73999786376953,75.77999877929688,75.53500366210938,75.62000274658203,20303
2026-03-06 17:55:00,75.5999984741211,75.78500366210938,75.5199966430664,75.5199966430664,20589
2026-03-06 18:00:00,75.55500030517578,75.82499694824219,75.55500030517578,75.63999938964844,27522
2026-03-06 18:05:00,75.68000030517578,75.69999694824219,75.43000030517578,75.54000091552734,22641
2026-03-06 18:10:00,75.54499816894531,75.61000061035156,75.30999755859375,75.58999633789062,17784
2026-03-06 18:15:00,75.43000030517578,75.50749969482422,75.30999755859375,75.42500305175781,14465
2026-03-06 18:20:00,75.42500305175781,75.48999786376953,75.25,75.27999877929688,18599
2026-03-06 18:25:00,75.33999633789062,75.7300033569336,75.31999969482422,75.7300033569336,39686
2026-03-06 18:30:00,75.68000030517578,76.11000061035156,75.68000030517578,75.91999816894531,15274
2026-03-06 18:35:00,75.91000366210938,75.91999816894531,75.61000061035156,75.61000061035156,47659
2026-03-06 18:40:00,75.66000366210938,75.98999786376953,75.5999984741211,75.98999786376953,19315
2026-03-06 18:45:00,75.90499877929688,75.90499877929688,75.66000366210938,75.81999969482422,16002
2026-03-06 18:50:00,75.79000091552734,75.79000091552734,75.48999786376953,75.51000213623047,12212
2026-03-06 18:55:00,75.45999908447266,75.5999984741211,75.3499984741211,75.43000030517578,16875
2026-03-06 19:00:00,75.43000030517578,75.55500030517578,75.43000030517578,75.44499969482422,12270
2026-03-06 19:05:00,75.44499969482422,75.7300033569336,75.44499969482422,75.69999694824219,10875
2026-03-06 19:10:00,75.77999877929688,75.79000091552734,75.41999816894531,75.41999816894531,20547
2026-03-06 19:15:00,75.38999938964844,75.4000015258789,75.19000244140625,75.36000061035156,39863
2026-03-06 19:20:00,75.33999633789062,75.5199966430664,75.25,75.4800033569336,15250
2026-03-06 19:25:00,75.4000015258789,75.58000183105469,75.33000183105469,75.55000305175781,12928
2026-03-06 19:30:00,75.55000305175781,75.7300033569336,75.55000305175781,75.625,17266
2026-03-06 19:35:00,75.625,75.94999694824219,75.5999984741211,75.66000366210938,30753
2026-03-06 19:40:00,75.68499755859375,75.9000015258789,75.5999984741211,75.76000213623047,13056
2026-03-06 19:45:00,75.76000213623047,75.82499694824219,75.69999694824219,75.69999694824219,18069
2026-03-06 19:50:00,75.7300033569336,75.79000091552734,75.55999755859375,75.69000244140625,16538
2026-03-06 19:55:00,75.6500015258789,75.76000213623047,75.55999755859375,75.70999908447266,16781
2026-03-06 20:00:00,75.73999786376953,75.99500274658203,75.69999694824219,75.88999938964844,16076
2026-03-06 20:05:00,75.88999938964844,75.98999786376953,75.79000091552734,75.94000244140625,24461
2026-03-06 20:10:00,75.91000366210938,76.0,75.77999877929688,75.9000015258789,24670
2026-03-06 20:15:00,75.88500213623047,76.11250305175781,75.88500213623047,75.96499633789062,15724
2026-03-06 20:20:00,75.88999938964844,76.0,75.7699966430664,75.99500274658203,17450
2026-03-06 20:25:00,75.95999908447266,76.0,75.81999969482422,75.81999969482422,19890
2026-03-06 20:30:00,75.7699966430664,75.9000015258789,75.5999984741211,75.83000183105469,32917
2026-03-06 20:35:00,75.81999969482422,76.20999908447266,75.7300033569336,76.12000274658203,35593
2026-03-06 20:40:00,76.0999984741211,76.25499725341797,75.80500030517578,75.87999725341797,43480
2026-03-06 20:45:00,75.88500213623047,76.06999969482422,75.7300033569336,75.83000183105469,44650
2026-03-06 20:50:00,75.81999969482422,75.88500213623047,75.61000061035156,75.88500213623047,71898
2026-03-06 20:55:00,75.88500213623047,76.26499938964844,75.75499725341797,76.19000244140625,261628
